{
    "faces": [43,0,1,2,3,0,0,0,0,0,0,1,2,3,43,4,7,6,5,0,0,0,0,0,4,5,6,7,43,4,5,11,10,0,0,0,0,0,4,7,7,4,43,1,5,6,2,0,0,0,0,0,1,7,6,2,43,2,6,7,3,0,0,0,0,0,2,6,5,3,43,4,0,3,7,0,0,0,0,0,4,0,3,5,43,10,11,15,14,0,0,0,0,0,4,7,8,4,43,5,1,9,11,0,0,0,0,0,7,1,1,7,43,0,4,10,8,0,0,0,0,0,0,4,4,0,43,1,0,8,9,0,0,0,0,0,1,0,0,1,43,14,15,19,18,0,0,0,0,0,4,8,9,10,43,11,9,13,15,0,0,0,0,0,7,1,11,8,43,8,10,14,12,0,0,0,0,0,0,4,4,0,43,9,8,12,13,0,0,0,0,0,1,0,0,11,43,16,18,19,17,0,0,0,0,0,12,10,9,13,43,13,17,22,20,1,0,0,0,0,11,13,13,14,43,12,14,18,16,0,0,0,0,0,0,4,10,12,43,13,12,16,17,0,0,0,0,0,11,0,12,13,43,20,22,26,24,1,0,0,0,0,14,13,15,16,43,19,15,21,23,1,0,0,0,0,9,8,17,9,43,17,19,23,22,1,0,0,0,0,13,9,9,13,43,15,13,20,21,1,0,0,0,0,8,11,14,17,43,26,30,35,33,1,0,0,0,0,15,18,19,20,43,23,21,25,27,1,0,0,0,0,9,17,17,9,43,22,23,27,26,1,0,0,0,0,13,9,9,15,43,21,20,24,25,1,0,0,0,0,17,14,16,17,43,29,28,30,31,1,0,0,0,0,6,21,18,22,43,27,25,29,31,1,0,0,0,0,9,17,6,22,43,26,27,31,30,1,0,0,0,0,15,9,22,18,43,25,24,28,29,1,0,0,0,0,17,16,21,6,43,35,39,47,45,2,1,2,3,4,19,23,1,7,43,28,24,32,34,1,0,0,0,0,21,16,24,21,43,30,28,34,35,1,0,0,0,0,18,21,21,19,43,24,26,33,32,1,0,0,0,0,16,15,20,24,43,37,39,43,41,2,5,2,6,7,25,23,26,26,43,34,32,36,38,2,8,9,10,11,21,24,21,27,43,35,34,38,39,2,1,8,11,2,19,21,27,23,43,32,33,37,36,2,9,12,5,10,24,20,25,21,43,40,41,43,42,2,13,7,6,14,26,26,26,26,43,38,36,40,42,0,0,0,0,0,27,21,26,26,43,39,38,42,43,1,0,0,0,0,23,27,26,26,43,36,37,41,40,0,0,0,0,0,21,25,26,26,43,45,47,51,49,2,4,3,15,16,7,1,1,7,43,37,33,44,46,2,5,12,17,18,25,20,4,0,43,39,37,46,47,2,2,5,18,3,23,25,0,1,43,33,35,45,44,2,12,1,4,17,20,19,7,4,43,49,51,55,53,2,16,15,19,20,7,1,28,22,43,46,44,48,50,2,18,17,21,22,0,4,4,0,43,47,46,50,51,2,3,18,22,15,1,0,0,1,43,44,45,49,48,2,17,4,16,21,4,7,7,4,43,52,53,55,54,2,23,20,19,24,10,22,28,12,43,50,48,52,54,2,22,21,23,24,0,4,10,12,43,51,50,54,55,2,15,22,24,19,1,0,12,28,43,48,49,53,52,2,21,16,20,23,4,7,22,10],
    "metadata": {
        "faces": 54,
        "type": "Geometry",
        "colors": 0,
        "version": 3,
        "materials": 3,
        "uvs": 1,
        "normals": 29,
        "vertices": 56,
        "generator": "io_three"
    },
    "uvs": [[0,0,0.277457,0.27427,0.492652,7.3e-05,0.313009,0.251055,0.301527,0.267254,0.465148,0.498643,0.501357,0.000477,0.473853,0.499047,0.249291,0.290838,0.268877,0.31545,0.083232,0.526551,7.3e-05,0.081933,0.304768,0.299732,0.972423,0.526551,0.999927,0.027981,0.314771,0.270152,0.315932,0.271326,0.311027,0.276295,0.318471,0.274614,0.321622,0.273865,0.320059,0.273587,0.317368,0.27175,0.317448,0.272798,0.321161,0.275276,0.326458,0.277523]],
    "materials": [{
        "transparent": false,
        "visible": true,
        "DbgIndex": 0,
        "blending": "NormalBlending",
        "wireframe": false,
        "vertexColors": false,
        "depthTest": true,
        "shading": "phong",
        "specularCoef": 50,
        "colorAmbient": [0,0,0],
        "colorSpecular": [0,0,0],
        "opacity": 1,
        "depthWrite": true,
        "DbgName": "red_face",
        "DbgColor": 15597568,
        "colorEmissive": [0,0,0]
    },{
        "transparent": false,
        "visible": true,
        "DbgIndex": 1,
        "blending": "NormalBlending",
        "wireframe": false,
        "vertexColors": false,
        "depthTest": true,
        "shading": "phong",
        "specularCoef": 50,
        "colorAmbient": [0,0,0],
        "colorSpecular": [0,0,0],
        "opacity": 1,
        "depthWrite": true,
        "DbgName": "yellow_face",
        "DbgColor": 14537728,
        "colorEmissive": [0,0,0]
    },{
        "transparent": false,
        "visible": true,
        "DbgIndex": 2,
        "blending": "NormalBlending",
        "wireframe": false,
        "vertexColors": false,
        "depthTest": true,
        "shading": "phong",
        "specularCoef": 50,
        "colorAmbient": [0,0,0],
        "colorSpecular": [0,0,0],
        "opacity": 1,
        "depthWrite": true,
        "DbgName": "blue",
        "DbgColor": 60928,
        "colorEmissive": [0,0,0]
    }],
    "name": "CubeGeometry.5",
    "colors": [],
    "vertices": [-1.86457,0.464333,-1.50743,-1.86457,0.464334,-0.783681,-2.58832,0.464334,-0.783681,-2.58832,0.464333,-1.50743,-1.86457,1.18808,-1.50743,-1.86458,1.18808,-0.78368,-2.58832,1.18808,-0.783681,-2.58832,1.18808,-1.50743,-1.15295,0.464333,-1.50743,-1.15295,0.464334,-0.78368,-1.15295,1.18808,-1.50743,-1.15295,1.18808,-0.78368,-0.430206,0.464334,-1.50743,-0.430206,0.464334,-0.78368,-0.430206,1.18808,-1.50743,-0.430207,1.18808,-0.78368,0.292537,0.464334,-1.50743,0.292537,0.464334,-0.78368,0.292537,1.18808,-1.50743,0.292537,1.18808,-0.78368,-0.430207,0.464333,-0.072056,-0.430207,1.18808,-0.072056,0.292537,0.464333,-0.072056,0.292537,1.18808,-0.072055,-0.430207,0.464333,0.661807,-0.430207,1.18808,0.661807,0.292536,0.464333,0.661807,0.292536,1.18808,0.661807,-0.430207,0.464333,1.38455,-0.430207,1.18808,1.38455,0.292536,0.464333,1.38455,0.292536,1.18808,1.38455,-0.430207,-0.236172,0.661807,0.292536,-0.236172,0.661807,-0.430207,-0.236172,1.38455,0.292536,-0.236172,1.38455,-0.430207,-0.970035,0.661806,0.292536,-0.970035,0.661807,-0.430207,-0.970035,1.38455,0.292536,-0.970035,1.38455,-0.430207,-0.970035,0.661806,0.292536,-0.970035,0.661807,-0.430207,-0.970035,1.38455,0.292536,-0.970035,1.38455,1.00416,-0.236172,0.661807,1.00416,-0.236172,1.38455,1.00416,-0.970035,0.661807,1.00416,-0.970035,1.38455,1.7431,-0.236172,0.661808,1.7431,-0.236172,1.38455,1.7431,-0.970035,0.661807,1.7431,-0.970035,1.38455,2.45965,-0.236172,0.661808,2.45965,-0.236172,1.38455,2.45965,-0.970035,0.661808,2.45965,-0.970035,1.38455],
    "normals": [0,-0.707083,-0.707083,0,-0.707083,0.707083,-0.577349,-0.577349,0.577349,-0.577349,-0.577349,-0.577349,0,0.707083,-0.707083,-0.577349,0.577349,-0.577349,-0.577349,0.577349,0.577349,0,0.707083,0.707083,-0.301492,0.904508,0.301492,0.707083,0.707083,0,0.577349,0.577349,-0.577349,-0.301492,-0.904508,0.301492,0.577349,-0.577349,-0.577349,0.707083,-0.707083,0,-0.707083,-0.707083,0,0.904508,-0.301492,-0.301492,-0.904508,-0.301492,-0.301492,-0.707083,0.707083,0,0.707083,0,0.707083,0.301492,0.301492,0.904508,0.301492,0.301492,-0.904508,-0.707083,0,0.707083,0.577349,0.577349,0.577349,0,-0.242531,0.970122,-0.707083,0,-0.707083,0,-1,0,0,-0.447188,0.894406,-0.316202,0,0.948668,0.577349,-0.577349,0.577349]
}
