{
    "faces": [35,0,1,2,3,1,0,1,2,3,35,4,7,6,5,1,4,5,6,7,35,4,5,11,10,2,4,7,7,4,35,1,5,6,2,1,1,7,6,2,35,2,6,7,3,1,2,6,5,3,35,4,0,3,7,1,4,0,3,5,35,10,11,15,14,3,4,7,8,4,35,5,1,9,11,2,7,1,1,7,35,0,4,10,8,2,0,4,4,0,35,1,0,8,9,2,1,0,0,1,35,14,15,19,18,4,4,8,9,10,35,11,9,13,15,3,7,1,11,8,35,8,10,14,12,3,0,4,4,0,35,9,8,12,13,3,1,0,0,11,35,16,18,19,17,4,12,10,9,13,35,13,17,22,20,5,11,13,13,14,35,12,14,18,16,4,0,4,10,12,35,13,12,16,17,4,11,0,12,13,35,20,22,26,24,6,14,13,15,16,35,19,15,21,23,5,9,8,17,9,35,17,19,23,22,5,13,9,9,13,35,15,13,20,21,5,8,11,14,17,35,26,30,35,33,8,15,18,19,20,35,23,21,25,27,6,9,17,17,9,35,22,23,27,26,6,13,9,9,15,35,21,20,24,25,6,17,14,16,17,35,29,28,30,31,7,6,21,18,22,35,27,25,29,31,7,9,17,6,22,35,26,27,31,30,7,15,9,22,18,35,25,24,28,29,7,17,16,21,6,35,35,39,47,45,10,19,23,1,7,35,28,24,32,34,8,21,16,24,21,35,30,28,34,35,8,18,21,21,19,35,24,26,33,32,8,16,15,20,24,35,37,39,43,41,0,25,23,26,26,35,34,32,36,38,9,21,24,21,27,35,35,34,38,39,9,19,21,27,23,35,32,33,37,36,9,24,20,25,21,35,40,41,43,42,9,26,26,26,26,35,38,36,40,42,0,27,21,26,26,35,39,38,42,43,0,23,27,26,26,35,36,37,41,40,0,21,25,26,26,35,45,47,51,49,11,7,1,1,7,35,37,33,44,46,10,25,20,4,0,35,39,37,46,47,10,23,25,0,1,35,33,35,45,44,10,20,19,7,4,35,49,51,55,53,1,7,1,28,22,35,46,44,48,50,11,0,4,4,0,35,47,46,50,51,11,1,0,0,1,35,44,45,49,48,11,4,7,7,4,35,52,53,55,54,1,10,22,28,12,35,50,48,52,54,1,0,4,10,12,35,51,50,54,55,1,1,0,12,28,35,48,49,53,52,1,4,7,22,10],
    "metadata": {
        "materials": 12,
        "type": "Geometry",
        "uvs": 0,
        "colors": 0,
        "version": 3,
        "vertices": 56,
        "faces": 54,
        "normals": 29,
        "generator": "io_three"
    },
    "normals": [0,-0.707083,-0.707083,0,-0.707083,0.707083,-0.577349,-0.577349,0.577349,-0.577349,-0.577349,-0.577349,0,0.707083,-0.707083,-0.577349,0.577349,-0.577349,-0.577349,0.577349,0.577349,0,0.707083,0.707083,-0.301492,0.904508,0.301492,0.707083,0.707083,0,0.577349,0.577349,-0.577349,-0.301492,-0.904508,0.301492,0.577349,-0.577349,-0.577349,0.707083,-0.707083,0,-0.707083,-0.707083,0,0.904508,-0.301492,-0.301492,-0.904508,-0.301492,-0.301492,-0.707083,0.707083,0,0.707083,0,0.707083,0.301492,0.301492,0.904508,0.301492,0.301492,-0.904508,-0.707083,0,0.707083,0.577349,0.577349,0.577349,0,-0.242531,0.970122,-0.707083,0,-0.707083,0,-1,0,0,-0.447188,0.894406,-0.316202,0,0.948668,0.577349,-0.577349,0.577349],
    "uvs": [],
    "colors": [],
    "name": "CubeGeometry.6",
    "vertices": [-1.86457,0.464333,-1.50743,-1.86457,0.464334,-0.783681,-2.58832,0.464334,-0.783681,-2.58832,0.464333,-1.50743,-1.86457,1.18808,-1.50743,-1.86458,1.18808,-0.78368,-2.58832,1.18808,-0.783681,-2.58832,1.18808,-1.50743,-1.15295,0.464333,-1.50743,-1.15295,0.464334,-0.78368,-1.15295,1.18808,-1.50743,-1.15295,1.18808,-0.78368,-0.430206,0.464334,-1.50743,-0.430206,0.464334,-0.78368,-0.430206,1.18808,-1.50743,-0.430207,1.18808,-0.78368,0.292537,0.464334,-1.50743,0.292537,0.464334,-0.78368,0.292537,1.18808,-1.50743,0.292537,1.18808,-0.78368,-0.430207,0.464333,-0.072056,-0.430207,1.18808,-0.072056,0.292537,0.464333,-0.072056,0.292537,1.18808,-0.072055,-0.430207,0.464333,0.661807,-0.430207,1.18808,0.661807,0.292536,0.464333,0.661807,0.292536,1.18808,0.661807,-0.430207,0.464333,1.38455,-0.430207,1.18808,1.38455,0.292536,0.464333,1.38455,0.292536,1.18808,1.38455,-0.430207,-0.236172,0.661807,0.292536,-0.236172,0.661807,-0.430207,-0.236172,1.38455,0.292536,-0.236172,1.38455,-0.430207,-0.970035,0.661806,0.292536,-0.970035,0.661807,-0.430207,-0.970035,1.38455,0.292536,-0.970035,1.38455,-0.430207,-0.970035,0.661806,0.292536,-0.970035,0.661807,-0.430207,-0.970035,1.38455,0.292536,-0.970035,1.38455,1.00416,-0.236172,0.661807,1.00416,-0.236172,1.38455,1.00416,-0.970035,0.661807,1.00416,-0.970035,1.38455,1.7431,-0.236172,0.661808,1.7431,-0.236172,1.38455,1.7431,-0.970035,0.661807,1.7431,-0.970035,1.38455,2.45965,-0.236172,0.661808,2.45965,-0.236172,1.38455,2.45965,-0.970035,0.661808,2.45965,-0.970035,1.38455],
    "materials": [{
        "shading": "phong",
        "colorSpecular": [0.5,0.5,0.5],
        "colorAmbient": [0.8,0.8,0.8],
        "specularCoef": 50,
        "transparent": false,
        "depthTest": true,
        "DbgIndex": 0,
        "visible": true,
        "vertexColors": false,
        "wireframe": false,
        "DbgName": "Material",
        "blending": "NormalBlending",
        "depthWrite": true,
        "DbgColor": 15658734,
        "opacity": 1,
        "colorDiffuse": [0.8,0.8,0.8],
        "colorEmissive": [0,0,0]
    },{
        "shading": "phong",
        "colorSpecular": [0.391769,0,0.000607],
        "colorAmbient": [0.62683,0,0.000971],
        "specularCoef": 50,
        "transparent": false,
        "depthTest": true,
        "DbgIndex": 1,
        "visible": true,
        "vertexColors": false,
        "wireframe": false,
        "DbgName": "red_face",
        "blending": "NormalBlending",
        "depthWrite": true,
        "DbgColor": 15597568,
        "opacity": 1,
        "colorDiffuse": [0.62683,0,0.000971],
        "colorEmissive": [0,0,0]
    },{
        "shading": "phong",
        "colorSpecular": [0.5,0.5,0.5],
        "colorAmbient": [0.602354,0.113011,0],
        "specularCoef": 50,
        "transparent": false,
        "depthTest": true,
        "DbgIndex": 2,
        "visible": true,
        "vertexColors": false,
        "wireframe": false,
        "DbgName": "orange_face",
        "blending": "NormalBlending",
        "depthWrite": true,
        "DbgColor": 60928,
        "opacity": 1,
        "colorDiffuse": [0.602354,0.113011,0],
        "colorEmissive": [0,0,0]
    },{
        "shading": "phong",
        "colorSpecular": [0.5,0.5,0.5],
        "colorAmbient": [0.578444,0.5267,0],
        "specularCoef": 50,
        "transparent": false,
        "depthTest": true,
        "DbgIndex": 3,
        "visible": true,
        "vertexColors": false,
        "wireframe": false,
        "DbgName": "yellow_face",
        "blending": "NormalBlending",
        "depthWrite": true,
        "DbgColor": 238,
        "opacity": 1,
        "colorDiffuse": [0.578444,0.5267,0],
        "colorEmissive": [0,0,0]
    },{
        "shading": "phong",
        "colorSpecular": [0.5,0.5,0.5],
        "colorAmbient": [0.14758,0.555097,0],
        "specularCoef": 50,
        "transparent": false,
        "depthTest": true,
        "DbgIndex": 4,
        "visible": true,
        "vertexColors": false,
        "wireframe": false,
        "DbgName": "light_green",
        "blending": "NormalBlending",
        "depthWrite": true,
        "DbgColor": 15658496,
        "opacity": 1,
        "colorDiffuse": [0.14758,0.555097,0],
        "colorEmissive": [0,0,0]
    },{
        "shading": "phong",
        "colorSpecular": [0.5,0.5,0.5],
        "colorAmbient": [0.002941,0.53231,0],
        "specularCoef": 50,
        "transparent": false,
        "depthTest": true,
        "DbgIndex": 5,
        "visible": true,
        "vertexColors": false,
        "wireframe": false,
        "DbgName": "green",
        "blending": "NormalBlending",
        "depthWrite": true,
        "DbgColor": 61166,
        "opacity": 1,
        "colorDiffuse": [0.002941,0.53231,0],
        "colorEmissive": [0,0,0]
    },{
        "shading": "phong",
        "colorSpecular": [0.5,0.5,0.5],
        "colorAmbient": [0,0.515584,0.083693],
        "specularCoef": 50,
        "transparent": false,
        "depthTest": true,
        "DbgIndex": 6,
        "visible": true,
        "vertexColors": false,
        "wireframe": false,
        "DbgName": "greeny_blue",
        "blending": "NormalBlending",
        "depthWrite": true,
        "DbgColor": 15597806,
        "opacity": 1,
        "colorDiffuse": [0,0.515584,0.083693],
        "colorEmissive": [0,0,0]
    },{
        "shading": "phong",
        "colorSpecular": [0.5,0.5,0.5],
        "colorAmbient": [0,0.493765,0.411934],
        "specularCoef": 50,
        "transparent": false,